"","StateName","NAIC","Type.of.Operation.Or.Status.Code","Value.1000"
"2","Alabama","Mining, quarrying, and oil and gas extraction","Total",4722966
"3","Alabama","Utilities","Total",NA
"4","Alabama","Construction","Total",17920322
"5","Alabama","Wholesale trade","Wholesale Trade",75844516
"6","Alabama","Wholesale trade","Merchant wholesalers, except manufacturers' sales branches and offices",57746565
"7","Alabama","Wholesale trade","Manufacturers' sales branches and offices",10858345
"8","Alabama","Retail trade","Total",58564965
"9","Alabama","Transportation and warehousing (104)","Total",8422354
"10","Alabama","Information","Total",NA
"11","Alabama","Finance and insurance","Total",NA
"12","Alabama","Real estate and rental and leasing","Total",3919446
"13","Alabama","Professional, scientific, and technical services","All establishments",16319907
"16","Alabama","Management of companies and enterprises","Total",587851
"17","Alabama","Administrative and support and waste management and remediation services","Total",6847331
"18","Alabama","Educational services","All establishments",292420
"21","Alabama","Health care and social assistance","All establishments",26039632
"24","Alabama","Arts, entertainment, and recreation","All establishments",1194045
"27","Alabama","Accommodation and food services","Total",7576462
"28","Alabama","Other services (except public administration)","All establishments",4377967
"31","Alaska","Mining, quarrying, and oil and gas extraction","Total",27473281
"32","Alaska","Utilities","Total",NA
"33","Alaska","Construction","Total",6467442
"34","Alaska","Wholesale trade","Wholesale Trade",9614512
"35","Alaska","Wholesale trade","Merchant wholesalers, except manufacturers' sales branches and offices",5216303
"36","Alaska","Wholesale trade","Manufacturers' sales branches and offices",4075995
"37","Alaska","Retail trade","Total",10474275
"38","Alaska","Transportation and warehousing (104)","Total",5175782
"39","Alaska","Information","Total",NA
"40","Alaska","Finance and insurance","Total",NA
"41","Alaska","Real estate and rental and leasing","Total",1022686
"42","Alaska","Professional, scientific, and technical services","All establishments",3175233
"45","Alaska","Management of companies and enterprises","Total",244590
"46","Alaska","Administrative and support and waste management and remediation services","Total",2165815
"47","Alaska","Educational services","All establishments",91203
"50","Alaska","Health care and social assistance","All establishments",6375483
"53","Alaska","Arts, entertainment, and recreation","All establishments",406833
"56","Alaska","Accommodation and food services","Total",2221335
"57","Alaska","Other services (except public administration)","All establishments",904550
"60","Arizona","Mining, quarrying, and oil and gas extraction","Total",8197185
"61","Arizona","Utilities","Total",NA
"62","Arizona","Construction","Total",26250281
"63","Arizona","Wholesale trade","Wholesale Trade",96619179
"64","Arizona","Wholesale trade","Merchant wholesalers, except manufacturers' sales branches and offices",69437272
"65","Arizona","Wholesale trade","Manufacturers' sales branches and offices",15011864
"66","Arizona","Retail trade","Total",84716542
"67","Arizona","Transportation and warehousing (104)","Total",13863748
"68","Arizona","Information","Total",NA
"69","Arizona","Finance and insurance","Total",NA
"70","Arizona","Real estate and rental and leasing","Total",9329704
"71","Arizona","Professional, scientific, and technical services","All establishments",19268106
"74","Arizona","Management of companies and enterprises","Total",NA
"75","Arizona","Administrative and support and waste management and remediation services","Total",13486148
"76","Arizona","Educational services","All establishments",1238438
"79","Arizona","Health care and social assistance","All establishments",37055881
"82","Arizona","Arts, entertainment, and recreation","All establishments",3810203
"85","Arizona","Accommodation and food services","Total",13996635
"86","Arizona","Other services (except public administration)","All establishments",6231666
"89","Arkansas","Mining, quarrying, and oil and gas extraction","Total",5338251
"90","Arkansas","Utilities","Total",NA
"91","Arkansas","Construction","Total",8979189
"92","Arkansas","Wholesale trade","Wholesale Trade",61691589
"93","Arkansas","Wholesale trade","Merchant wholesalers, except manufacturers' sales branches and offices",31256110
"94","Arkansas","Wholesale trade","Manufacturers' sales branches and offices",17669424
"95","Arkansas","Retail trade","Total",36815256
"96","Arkansas","Transportation and warehousing (104)","Total",7944928
"97","Arkansas","Information","Total",NA
"98","Arkansas","Finance and insurance","Total",NA
"99","Arkansas","Real estate and rental and leasing","Total",1922699
"100","Arkansas","Professional, scientific, and technical services","All establishments",4527996
"103","Arkansas","Management of companies and enterprises","Total",928213
"104","Arkansas","Administrative and support and waste management and remediation services","Total",3180510
"105","Arkansas","Educational services","All establishments",142072
"108","Arkansas","Health care and social assistance","All establishments",15792628
"111","Arkansas","Arts, entertainment, and recreation","All establishments",704439
"114","Arkansas","Accommodation and food services","Total",4307264
"115","Arkansas","Other services (except public administration)","All establishments",2339440
"118","California","Mining, quarrying, and oil and gas extraction","Total",22114832
"119","California","Utilities","Total",NA
"120","California","Construction","Total",148546029
"121","California","Wholesale trade","Wholesale Trade",969249516
"122","California","Wholesale trade","Merchant wholesalers, except manufacturers' sales branches and offices",666652186
"123","California","Wholesale trade","Manufacturers' sales branches and offices",222052862
"124","California","Retail trade","Total",481800461
"125","California","Transportation and warehousing (104)","Total",78925731
"126","California","Information","Total",NA
"127","California","Finance and insurance","Total",NA
"128","California","Real estate and rental and leasing","Total",78740158
"129","California","Professional, scientific, and technical services","All establishments",234371249
"132","California","Management of companies and enterprises","Total",14197087
"133","California","Administrative and support and waste management and remediation services","Total",88134862
"134","California","Educational services","All establishments",7784661
"137","California","Health care and social assistance","All establishments",248953592
"140","California","Arts, entertainment, and recreation","All establishments",39179497
"143","California","Accommodation and food services","Total",90830372
"144","California","Other services (except public administration)","All establishments",50439225
"147","Colorado","Mining, quarrying, and oil and gas extraction","Total",20176242
"148","Colorado","Utilities","Total",NA
"149","Colorado","Construction","Total",29823432
"150","Colorado","Wholesale trade","Wholesale Trade",118605118
"151","Colorado","Wholesale trade","Merchant wholesalers, except manufacturers' sales branches and offices",77034971
"152","Colorado","Wholesale trade","Manufacturers' sales branches and offices",31012973
"153","Colorado","Retail trade","Total",67815200
"154","Colorado","Transportation and warehousing (104)","Total",13962736
"155","Colorado","Information","Total",NA
"156","Colorado","Finance and insurance","Total",NA
"157","Colorado","Real estate and rental and leasing","Total",8482453
"158","Colorado","Professional, scientific, and technical services","All establishments",33740692
"161","Colorado","Management of companies and enterprises","Total",1527616
"162","Colorado","Administrative and support and waste management and remediation services","Total",16133054
"163","Colorado","Educational services","All establishments",1301886
"166","Colorado","Health care and social assistance","All establishments",29488161
"169","Colorado","Arts, entertainment, and recreation","All establishments",3783005
"172","Colorado","Accommodation and food services","Total",13617654
"173","Colorado","Other services (except public administration)","All establishments",8518960
"176","Connecticut","Mining, quarrying, and oil and gas extraction","Total",413836
"177","Connecticut","Utilities","Total",NA
"178","Connecticut","Construction","Total",15313759
"179","Connecticut","Wholesale trade","Wholesale Trade",216165548
"180","Connecticut","Wholesale trade","Merchant wholesalers, except manufacturers' sales branches and offices",161962244
"181","Connecticut","Wholesale trade","Manufacturers' sales branches and offices",34117184
"182","Connecticut","Retail trade","Total",51632467
"183","Connecticut","Transportation and warehousing (104)","Total",5113665
"184","Connecticut","Information","Total",NA
"185","Connecticut","Finance and insurance","Total",NA
"186","Connecticut","Real estate and rental and leasing","Total",5349451
"187","Connecticut","Professional, scientific, and technical services","All establishments",17993705
"190","Connecticut","Management of companies and enterprises","Total",NA
"191","Connecticut","Administrative and support and waste management and remediation services","Total",8783808
"192","Connecticut","Educational services","All establishments",830253
"195","Connecticut","Health care and social assistance","All establishments",29573119
"198","Connecticut","Arts, entertainment, and recreation","All establishments",2298479
"201","Connecticut","Accommodation and food services","Total",9542068
"202","Connecticut","Other services (except public administration)","All establishments",4903953
"205","Delaware","Mining, quarrying, and oil and gas extraction","Total",43355
"206","Delaware","Utilities","Total",NA
"207","Delaware","Construction","Total",3813648
"208","Delaware","Wholesale trade","Wholesale Trade",20473953
"209","Delaware","Wholesale trade","Merchant wholesalers, except manufacturers' sales branches and offices",5628914
"210","Delaware","Wholesale trade","Manufacturers' sales branches and offices",13364198
"211","Delaware","Retail trade","Total",14456001
"212","Delaware","Transportation and warehousing (104)","Total",1056221
"213","Delaware","Information","Total",NA
"214","Delaware","Finance and insurance","Total",NA
"215","Delaware","Real estate and rental and leasing","Total",5471215
"216","Delaware","Professional, scientific, and technical services","All establishments",NA
"219","Delaware","Management of companies and enterprises","Total",NA
"220","Delaware","Administrative and support and waste management and remediation services","Total",1631737
"221","Delaware","Educational services","All establishments",NA
"224","Delaware","Health care and social assistance","All establishments",7003251
"227","Delaware","Arts, entertainment, and recreation","All establishments",650636
"230","Delaware","Accommodation and food services","Total",2148437
"231","Delaware","Other services (except public administration)","All establishments",974725
"234","District of Columbia","Utilities","Total",NA
"235","District of Columbia","Construction","Total",2651600
"236","District of Columbia","Wholesale trade","Wholesale Trade",4102757
"237","District of Columbia","Wholesale trade","Merchant wholesalers, except manufacturers' sales branches and offices",2591868
"238","District of Columbia","Wholesale trade","Manufacturers' sales branches and offices",1377744
"239","District of Columbia","Retail trade","Total",4439933
"240","District of Columbia","Transportation and warehousing (104)","Total",1967947
"241","District of Columbia","Information","Total",NA
"242","District of Columbia","Finance and insurance","Total",NA
"243","District of Columbia","Real estate and rental and leasing","Total",3213899
"244","District of Columbia","Professional, scientific, and technical services","All establishments",31866325
"247","District of Columbia","Management of companies and enterprises","Total",457028
"248","District of Columbia","Administrative and support and waste management and remediation services","Total",2700311
"249","District of Columbia","Educational services","All establishments",903400
"252","District of Columbia","Health care and social assistance","All establishments",8963981
"255","District of Columbia","Arts, entertainment, and recreation","All establishments",1021366
"258","District of Columbia","Accommodation and food services","Total",5101602
"259","District of Columbia","Other services (except public administration)","All establishments",19773475
"262","Florida","Mining, quarrying, and oil and gas extraction","Total",2888089
"263","Florida","Utilities","Total",NA
"264","Florida","Construction","Total",66594364
"265","Florida","Wholesale trade","Wholesale Trade",342238161
"266","Florida","Wholesale trade","Merchant wholesalers, except manufacturers' sales branches and offices",252626608
"267","Florida","Wholesale trade","Manufacturers' sales branches and offices",53630541
"268","Florida","Retail trade","Total",273867145
"269","Florida","Transportation and warehousing (104)","Total",49158988
"270","Florida","Information","Total",NA
"271","Florida","Finance and insurance","Total",NA
"272","Florida","Real estate and rental and leasing","Total",30560143
"273","Florida","Professional, scientific, and technical services","All establishments",70175610
"276","Florida","Management of companies and enterprises","Total",3732556
"277","Florida","Administrative and support and waste management and remediation services","Total",71013189
"278","Florida","Educational services","All establishments",3477883
"281","Florida","Health care and social assistance","All establishments",124061425
"284","Florida","Arts, entertainment, and recreation","All establishments",16452987
"287","Florida","Accommodation and food services","Total",49817925
"288","Florida","Other services (except public administration)","All establishments",20798902
"291","Georgia","Mining, quarrying, and oil and gas extraction","Total",1613079
"292","Georgia","Utilities","Total",NA
"293","Georgia","Construction","Total",36703596
"294","Georgia","Wholesale trade","Wholesale Trade",246066910
"295","Georgia","Wholesale trade","Merchant wholesalers, except manufacturers' sales branches and offices",143645290
"296","Georgia","Wholesale trade","Manufacturers' sales branches and offices",80146163
"297","Georgia","Retail trade","Total",119801495
"298","Georgia","Transportation and warehousing (104)","Total",26825113
"299","Georgia","Information","Total",NA
"300","Georgia","Finance and insurance","Total",NA
"301","Georgia","Real estate and rental and leasing","Total",14232417
"302","Georgia","Professional, scientific, and technical services","All establishments",NA
"305","Georgia","Management of companies and enterprises","Total",2183921
"306","Georgia","Administrative and support and waste management and remediation services","Total",21727485
"307","Georgia","Educational services","All establishments",1182523
"310","Georgia","Health care and social assistance","All establishments",51800643
"313","Georgia","Arts, entertainment, and recreation","All establishments",3780027
"316","Georgia","Accommodation and food services","Total",18976611
"317","Georgia","Other services (except public administration)","All establishments",10617055
"320","Hawaii","Mining, quarrying, and oil and gas extraction","Total",NA
"321","Hawaii","Utilities","Total",NA
"322","Hawaii","Construction","Total",7996598
"323","Hawaii","Wholesale trade","Wholesale Trade",13466008
"324","Hawaii","Wholesale trade","Merchant wholesalers, except manufacturers' sales branches and offices",9607982
"325","Hawaii","Wholesale trade","Manufacturers' sales branches and offices",2956851
"326","Hawaii","Retail trade","Total",18901745
"327","Hawaii","Transportation and warehousing (104)","Total",4598722
"328","Hawaii","Information","Total",NA
"329","Hawaii","Finance and insurance","Total",NA
"330","Hawaii","Real estate and rental and leasing","Total",3411219
"331","Hawaii","Professional, scientific, and technical services","All establishments",3334059
"334","Hawaii","Management of companies and enterprises","Total",NA
"335","Hawaii","Administrative and support and waste management and remediation services","Total",2893771
"336","Hawaii","Educational services","All establishments",158389
"339","Hawaii","Health care and social assistance","All establishments",8136947
"342","Hawaii","Arts, entertainment, and recreation","All establishments",843628
"345","Hawaii","Accommodation and food services","Total",9536706
"346","Hawaii","Other services (except public administration)","All establishments",2004775
"349","Idaho","Mining, quarrying, and oil and gas extraction","Total",1198225
"350","Idaho","Utilities","Total",NA
"351","Idaho","Construction","Total",6576778
"352","Idaho","Wholesale trade","Wholesale Trade",24396882
"353","Idaho","Wholesale trade","Merchant wholesalers, except manufacturers' sales branches and offices",17906012
"354","Idaho","Wholesale trade","Manufacturers' sales branches and offices",3863360
"355","Idaho","Retail trade","Total",20444278
"356","Idaho","Transportation and warehousing (104)","Total",2389813
"357","Idaho","Information","Total",NA
"358","Idaho","Finance and insurance","Total",NA
"359","Idaho","Real estate and rental and leasing","Total",1039935
"360","Idaho","Professional, scientific, and technical services","All establishments",4273614
"363","Idaho","Management of companies and enterprises","Total",NA
"364","Idaho","Administrative and support and waste management and remediation services","Total",1881058
"365","Idaho","Educational services","All establishments",96149
"368","Idaho","Health care and social assistance","All establishments",7895614
"371","Idaho","Arts, entertainment, and recreation","All establishments",454552
"374","Idaho","Accommodation and food services","Total",2680225
"375","Idaho","Other services (except public administration)","All establishments",1118199
"378","Illinois","Mining, quarrying, and oil and gas extraction","Total",3965127
"379","Illinois","Utilities","Total",NA
"380","Illinois","Construction","Total",54285513
"381","Illinois","Wholesale trade","Wholesale Trade",549200270
"382","Illinois","Wholesale trade","Merchant wholesalers, except manufacturers' sales branches and offices",295456992
"383","Illinois","Wholesale trade","Manufacturers' sales branches and offices",228255529
"384","Illinois","Retail trade","Total",166634514
"385","Illinois","Transportation and warehousing (104)","Total",39888464
"386","Illinois","Information","Total",NA
"387","Illinois","Finance and insurance","Total",NA
"388","Illinois","Real estate and rental and leasing","Total",23649143
"389","Illinois","Professional, scientific, and technical services","All establishments",70263152
"392","Illinois","Management of companies and enterprises","Total",4987834
"393","Illinois","Administrative and support and waste management and remediation services","Total",31783654
"394","Illinois","Educational services","All establishments",2122469
"397","Illinois","Health care and social assistance","All establishments",83431778
"400","Illinois","Arts, entertainment, and recreation","All establishments",7400518
"403","Illinois","Accommodation and food services","Total",27937381
"404","Illinois","Other services (except public administration)","All establishments",21355529
"407","Indiana","Mining, quarrying, and oil and gas extraction","Total",2511634
"408","Indiana","Utilities","Total",NA
"409","Indiana","Construction","Total",27329545
"410","Indiana","Wholesale trade","Wholesale Trade",127023866
"411","Indiana","Wholesale trade","Merchant wholesalers, except manufacturers' sales branches and offices",81173422
"412","Indiana","Wholesale trade","Manufacturers' sales branches and offices",35145082
"413","Indiana","Retail trade","Total",85857962
"414","Indiana","Transportation and warehousing (104)","Total",16994928
"415","Indiana","Information","Total",NA
"416","Indiana","Finance and insurance","Total",NA
"417","Indiana","Real estate and rental and leasing","Total",6547858
"418","Indiana","Professional, scientific, and technical services","All establishments",14702048
"421","Indiana","Management of companies and enterprises","Total",1244226
"422","Indiana","Administrative and support and waste management and remediation services","Total",10411317
"423","Indiana","Educational services","All establishments",691881
"426","Indiana","Health care and social assistance","All establishments",42493117
"429","Indiana","Arts, entertainment, and recreation","All establishments",3651926
"432","Indiana","Accommodation and food services","Total",13076602
"433","Indiana","Other services (except public administration)","All establishments",8909718
"436","Iowa","Mining, quarrying, and oil and gas extraction","Total",593817
"437","Iowa","Utilities","Total",NA
"438","Iowa","Construction","Total",15619846
"439","Iowa","Wholesale trade","Wholesale Trade",76727611
"440","Iowa","Wholesale trade","Merchant wholesalers, except manufacturers' sales branches and offices",62318301
"441","Iowa","Wholesale trade","Manufacturers' sales branches and offices",8545307
"442","Iowa","Retail trade","Total",44905624
"443","Iowa","Transportation and warehousing (104)","Total",7641208
"444","Iowa","Information","Total",NA
"445","Iowa","Finance and insurance","Total",NA
"446","Iowa","Real estate and rental and leasing","Total",2268333
"447","Iowa","Professional, scientific, and technical services","All establishments",6420586
"450","Iowa","Management of companies and enterprises","Total",891347
"451","Iowa","Administrative and support and waste management and remediation services","Total",4077528
"452","Iowa","Educational services","All establishments",478593
"455","Iowa","Health care and social assistance","All establishments",18583828
"458","Iowa","Arts, entertainment, and recreation","All establishments",1625985
"461","Iowa","Accommodation and food services","Total",5468687
"462","Iowa","Other services (except public administration)","All establishments",3343224
"465","Kansas","Mining, quarrying, and oil and gas extraction","Total",7147410
"466","Kansas","Utilities","Total",NA
"467","Kansas","Construction","Total",13654410
"468","Kansas","Wholesale trade","Wholesale Trade",103967873
"469","Kansas","Wholesale trade","Merchant wholesalers, except manufacturers' sales branches and offices",60226324
"470","Kansas","Wholesale trade","Manufacturers' sales branches and offices",37773717
"471","Kansas","Retail trade","Total",38276461
"472","Kansas","Transportation and warehousing (104)","Total",6560969
"473","Kansas","Information","Total",NA
"474","Kansas","Finance and insurance","Total",NA
"475","Kansas","Real estate and rental and leasing","Total",2743054
"476","Kansas","Professional, scientific, and technical services","All establishments",8716125
"479","Kansas","Management of companies and enterprises","Total",1257327
"480","Kansas","Administrative and support and waste management and remediation services","Total",4466496
"481","Kansas","Educational services","All establishments",450269
"484","Kansas","Health care and social assistance","All establishments",18248370
"487","Kansas","Arts, entertainment, and recreation","All establishments",884432
"490","Kansas","Accommodation and food services","Total",4873411
"491","Kansas","Other services (except public administration)","All establishments",3432989
"494","Kentucky","Mining, quarrying, and oil and gas extraction","Total",8184526
"495","Kentucky","Utilities","Total",NA
"496","Kentucky","Construction","Total",13500602
"497","Kentucky","Wholesale trade","Wholesale Trade",100076812
"498","Kentucky","Wholesale trade","Merchant wholesalers, except manufacturers' sales branches and offices",71745899
"499","Kentucky","Wholesale trade","Manufacturers' sales branches and offices",23642165
"500","Kentucky","Retail trade","Total",54869978
"501","Kentucky","Transportation and warehousing (104)","Total",12816316
"502","Kentucky","Information","Total",NA
"503","Kentucky","Finance and insurance","Total",NA
"504","Kentucky","Real estate and rental and leasing","Total",4845505
"505","Kentucky","Professional, scientific, and technical services","All establishments",7782465
"508","Kentucky","Management of companies and enterprises","Total",1000913
"509","Kentucky","Administrative and support and waste management and remediation services","Total",5226699
"510","Kentucky","Educational services","All establishments",244197
"513","Kentucky","Health care and social assistance","All establishments",26264745
"516","Kentucky","Arts, entertainment, and recreation","All establishments",1206777
"519","Kentucky","Accommodation and food services","Total",7500115
"520","Kentucky","Other services (except public administration)","All establishments",4071426
"523","Louisiana","Mining, quarrying, and oil and gas extraction","Total",26605770
"524","Louisiana","Utilities","Total",NA
"525","Louisiana","Construction","Total",26231623
"526","Louisiana","Wholesale trade","Wholesale Trade",86300969
"527","Louisiana","Wholesale trade","Merchant wholesalers, except manufacturers' sales branches and offices",68012838
"528","Louisiana","Wholesale trade","Manufacturers' sales branches and offices",14843508
"529","Louisiana","Retail trade","Total",61396364
"530","Louisiana","Transportation and warehousing (104)","Total",15109762
"531","Louisiana","Information","Total",NA
"532","Louisiana","Finance and insurance","Total",NA
"533","Louisiana","Real estate and rental and leasing","Total",7486430
"534","Louisiana","Professional, scientific, and technical services","All establishments",13546170
"537","Louisiana","Management of companies and enterprises","Total",1072347
"538","Louisiana","Administrative and support and waste management and remediation services","Total",6743533
"539","Louisiana","Educational services","All establishments",423345
"542","Louisiana","Health care and social assistance","All establishments",27951792
"545","Louisiana","Arts, entertainment, and recreation","All establishments",2661106
"548","Louisiana","Accommodation and food services","Total",11697949
"549","Louisiana","Other services (except public administration)","All establishments",5408889
"552","Maine","Mining, quarrying, and oil and gas extraction","Total",NA
"553","Maine","Utilities","Total",NA
"554","Maine","Construction","Total",4542602
"555","Maine","Wholesale trade","Wholesale Trade",16369697
"556","Maine","Wholesale trade","Merchant wholesalers, except manufacturers' sales branches and offices",12961262
"557","Maine","Wholesale trade","Manufacturers' sales branches and offices",2189155
"558","Maine","Retail trade","Total",21521714
"559","Maine","Transportation and warehousing (104)","Total",1728759
"560","Maine","Information","Total",NA
"561","Maine","Finance and insurance","Total",NA
"562","Maine","Real estate and rental and leasing","Total",1100357
"563","Maine","Professional, scientific, and technical services","All establishments",3352583
"566","Maine","Management of companies and enterprises","Total",NA
"567","Maine","Administrative and support and waste management and remediation services","Total",1526026
"568","Maine","Educational services","All establishments",256987
"571","Maine","Health care and social assistance","All establishments",10297043
"574","Maine","Arts, entertainment, and recreation","All establishments",527038
"577","Maine","Accommodation and food services","Total",2901347
"578","Maine","Other services (except public administration)","All establishments",1462786
"581","Maryland","Mining, quarrying, and oil and gas extraction","Total",473551
"582","Maryland","Utilities","Total",NA
"583","Maryland","Construction","Total",37365178
"584","Maryland","Wholesale trade","Wholesale Trade",84733759
"585","Maryland","Wholesale trade","Merchant wholesalers, except manufacturers' sales branches and offices",60734191
"586","Maryland","Wholesale trade","Manufacturers' sales branches and offices",16121897
"587","Maryland","Retail trade","Total",76379707
"588","Maryland","Transportation and warehousing (104)","Total",8719207
"589","Maryland","Information","Total",NA
"590","Maryland","Finance and insurance","Total",NA
"591","Maryland","Real estate and rental and leasing","Total",13410069
"592","Maryland","Professional, scientific, and technical services","All establishments",50024915
"595","Maryland","Management of companies and enterprises","Total",NA
"596","Maryland","Administrative and support and waste management and remediation services","Total",13649044
"597","Maryland","Educational services","All establishments",NA
"600","Maryland","Health care and social assistance","All establishments",40821901
"603","Maryland","Arts, entertainment, and recreation","All establishments",3390823
"606","Maryland","Accommodation and food services","Total",12516782
"607","Maryland","Other services (except public administration)","All establishments",10879661
"610","Massachusetts","Mining, quarrying, and oil and gas extraction","Total",328214
"611","Massachusetts","Utilities","Total",NA
"612","Massachusetts","Construction","Total",33824349
"613","Massachusetts","Wholesale trade","Wholesale Trade",182172565
"614","Massachusetts","Wholesale trade","Merchant wholesalers, except manufacturers' sales branches and offices",123904370
"615","Massachusetts","Wholesale trade","Manufacturers' sales branches and offices",36800838
"616","Massachusetts","Retail trade","Total",92915380
"617","Massachusetts","Transportation and warehousing (104)","Total",10652686
"618","Massachusetts","Information","Total",NA
"619","Massachusetts","Finance and insurance","Total",NA
"620","Massachusetts","Real estate and rental and leasing","Total",13628359
"621","Massachusetts","Professional, scientific, and technical services","All establishments",60370010
"624","Massachusetts","Management of companies and enterprises","Total",2673867
"625","Massachusetts","Administrative and support and waste management and remediation services","Total",17667541
"626","Massachusetts","Educational services","All establishments",2106023
"629","Massachusetts","Health care and social assistance","All establishments",63583090
"632","Massachusetts","Arts, entertainment, and recreation","All establishments",5012428
"635","Massachusetts","Accommodation and food services","Total",17508975
"636","Massachusetts","Other services (except public administration)","All establishments",10455103
"639","Michigan","Mining, quarrying, and oil and gas extraction","Total",3085980
"640","Michigan","Utilities","Total",NA
"641","Michigan","Construction","Total",32550088
"642","Michigan","Wholesale trade","Wholesale Trade",254318884
"643","Michigan","Wholesale trade","Merchant wholesalers, except manufacturers' sales branches and offices",115704903
"644","Michigan","Wholesale trade","Manufacturers' sales branches and offices",117214384
"645","Michigan","Retail trade","Total",119302046
"646","Michigan","Transportation and warehousing (104)","Total",20033344
"647","Michigan","Information","Total",NA
"648","Michigan","Finance and insurance","Total",NA
"649","Michigan","Real estate and rental and leasing","Total",11974477
"650","Michigan","Professional, scientific, and technical services","All establishments",NA
"653","Michigan","Management of companies and enterprises","Total",9401909
"654","Michigan","Administrative and support and waste management and remediation services","Total",18585943
"655","Michigan","Educational services","All establishments",NA
"658","Michigan","Health care and social assistance","All establishments",63018786
"661","Michigan","Arts, entertainment, and recreation","All establishments",3708850
"664","Michigan","Accommodation and food services","Total",17962356
"665","Michigan","Other services (except public administration)","All establishments",10407682
"668","Minnesota","Mining, quarrying, and oil and gas extraction","Total",3972609
"669","Minnesota","Utilities","Total",NA
"670","Minnesota","Construction","Total",32945993
"671","Minnesota","Wholesale trade","Wholesale Trade",167376338
"672","Minnesota","Wholesale trade","Merchant wholesalers, except manufacturers' sales branches and offices",104485117
"673","Minnesota","Wholesale trade","Manufacturers' sales branches and offices",43886516
"674","Minnesota","Retail trade","Total",78898182
"675","Minnesota","Transportation and warehousing (104)","Total",14947514
"676","Minnesota","Information","Total",NA
"677","Minnesota","Finance and insurance","Total",NA
"678","Minnesota","Real estate and rental and leasing","Total",7827859
"679","Minnesota","Professional, scientific, and technical services","All establishments",23449118
"682","Minnesota","Management of companies and enterprises","Total",2072984
"683","Minnesota","Administrative and support and waste management and remediation services","Total",11124284
"684","Minnesota","Educational services","All establishments",843350
"687","Minnesota","Health care and social assistance","All establishments",40403572
"690","Minnesota","Arts, entertainment, and recreation","All establishments",3127278
"693","Minnesota","Accommodation and food services","Total",11722627
"694","Minnesota","Other services (except public administration)","All establishments",7877283
"697","Mississippi","Mining, quarrying, and oil and gas extraction","Total",4200586
"698","Mississippi","Utilities","Total",NA
"699","Mississippi","Construction","Total",8861233
"700","Mississippi","Wholesale trade","Wholesale Trade",35522572
"701","Mississippi","Wholesale trade","Merchant wholesalers, except manufacturers' sales branches and offices",28302952
"702","Mississippi","Wholesale trade","Manufacturers' sales branches and offices",5071972
"703","Mississippi","Retail trade","Total",37053190
"704","Mississippi","Transportation and warehousing (104)","Total",4273385
"705","Mississippi","Information","Total",NA
"706","Mississippi","Finance and insurance","Total",NA
"707","Mississippi","Real estate and rental and leasing","Total",1709316
"708","Mississippi","Professional, scientific, and technical services","All establishments",4023334
"711","Mississippi","Management of companies and enterprises","Total",563858
"712","Mississippi","Administrative and support and waste management and remediation services","Total",2433602
"713","Mississippi","Educational services","All establishments",138445
"716","Mississippi","Health care and social assistance","All establishments",16630587
"719","Mississippi","Arts, entertainment, and recreation","All establishments",587133
"722","Mississippi","Accommodation and food services","Total",6999175
"723","Mississippi","Other services (except public administration)","All establishments",1951903
"726","Missouri","Mining, quarrying, and oil and gas extraction","Total",1071574
"727","Missouri","Utilities","Total",NA
"728","Missouri","Construction","Total",25761736
"729","Missouri","Wholesale trade","Wholesale Trade",135013218
"730","Missouri","Wholesale trade","Merchant wholesalers, except manufacturers' sales branches and offices",91916351
"731","Missouri","Wholesale trade","Manufacturers' sales branches and offices",28747539
"732","Missouri","Retail trade","Total",90546581
"733","Missouri","Transportation and warehousing (104)","Total",13787599
"734","Missouri","Information","Total",NA
"735","Missouri","Finance and insurance","Total",NA
"736","Missouri","Real estate and rental and leasing","Total",6730008
"737","Missouri","Professional, scientific, and technical services","All establishments",24292589
"740","Missouri","Management of companies and enterprises","Total",1559974
"741","Missouri","Administrative and support and waste management and remediation services","Total",9456686
"742","Missouri","Educational services","All establishments",535365
"745","Missouri","Health care and social assistance","All establishments",40089316
"748","Missouri","Arts, entertainment, and recreation","All establishments",3715821
"751","Missouri","Accommodation and food services","Total",12430310
"752","Missouri","Other services (except public administration)","All establishments",6979915
"755","Montana","Mining, quarrying, and oil and gas extraction","Total",5668589
"756","Montana","Utilities","Total",NA
"757","Montana","Construction","Total",5154319
"758","Montana","Wholesale trade","Wholesale Trade",15763601
"759","Montana","Wholesale trade","Merchant wholesalers, except manufacturers' sales branches and offices",12645824
"760","Montana","Wholesale trade","Manufacturers' sales branches and offices",2219529
"761","Montana","Retail trade","Total",15623573
"762","Montana","Transportation and warehousing (104)","Total",1972046
"763","Montana","Information","Total",NA
"764","Montana","Finance and insurance","Total",NA
"765","Montana","Real estate and rental and leasing","Total",835415
"766","Montana","Professional, scientific, and technical services","All establishments",2191868
"769","Montana","Management of companies and enterprises","Total",115030
"770","Montana","Administrative and support and waste management and remediation services","Total",1183883
"771","Montana","Educational services","All establishments",85537
"774","Montana","Health care and social assistance","All establishments",6469475
"777","Montana","Arts, entertainment, and recreation","All establishments",785042
"780","Montana","Accommodation and food services","Total",2420455
"781","Montana","Other services (except public administration)","All establishments",1221967
"784","Nebraska","Mining, quarrying, and oil and gas extraction","Total",362392
"785","Nebraska","Utilities","Total",NA
"786","Nebraska","Construction","Total",8759256
"787","Nebraska","Wholesale trade","Wholesale Trade",58624098
"788","Nebraska","Wholesale trade","Merchant wholesalers, except manufacturers' sales branches and offices",42618995
"789","Nebraska","Wholesale trade","Manufacturers' sales branches and offices",12856984
"790","Nebraska","Retail trade","Total",30470717
"791","Nebraska","Transportation and warehousing (104)","Total",5979779
"792","Nebraska","Information","Total",NA
"793","Nebraska","Finance and insurance","Total",NA
"794","Nebraska","Real estate and rental and leasing","Total",1732040
"795","Nebraska","Professional, scientific, and technical services","All establishments",5726667
"798","Nebraska","Management of companies and enterprises","Total",465414
"799","Nebraska","Administrative and support and waste management and remediation services","Total",3312262
"800","Nebraska","Educational services","All establishments",118592
"803","Nebraska","Health care and social assistance","All establishments",12869418
"806","Nebraska","Arts, entertainment, and recreation","All establishments",779717
"809","Nebraska","Accommodation and food services","Total",3094498
"810","Nebraska","Other services (except public administration)","All establishments",2841338
"813","Nevada","Mining, quarrying, and oil and gas extraction","Total",NA
"814","Nevada","Utilities","Total",NA
"815","Nevada","Construction","Total",12316574
"816","Nevada","Wholesale trade","Wholesale Trade",28435826
"817","Nevada","Wholesale trade","Merchant wholesalers, except manufacturers' sales branches and offices",19841701
"818","Nevada","Wholesale trade","Manufacturers' sales branches and offices",5114300
"819","Nevada","Retail trade","Total",38234170
"820","Nevada","Transportation and warehousing (104)","Total",5570372
"821","Nevada","Information","Total",NA
"822","Nevada","Finance and insurance","Total",NA
"823","Nevada","Real estate and rental and leasing","Total",4981151
"824","Nevada","Professional, scientific, and technical services","All establishments",7758536
"827","Nevada","Management of companies and enterprises","Total",NA
"828","Nevada","Administrative and support and waste management and remediation services","Total",6775196
"829","Nevada","Educational services","All establishments",452062
"832","Nevada","Health care and social assistance","All establishments",13928514
"835","Nevada","Arts, entertainment, and recreation","All establishments",3644954
"838","Nevada","Accommodation and food services","Total",27481505
"839","Nevada","Other services (except public administration)","All establishments",2608906
"842","New Hampshire","Mining, quarrying, and oil and gas extraction","Total",74203
"843","New Hampshire","Utilities","Total",NA
"844","New Hampshire","Construction","Total",5215877
"845","New Hampshire","Wholesale trade","Wholesale Trade",22682523
"846","New Hampshire","Wholesale trade","Merchant wholesalers, except manufacturers' sales branches and offices",18029179
"847","New Hampshire","Wholesale trade","Manufacturers' sales branches and offices",2455034
"848","New Hampshire","Retail trade","Total",26018201
"849","New Hampshire","Transportation and warehousing (104)","Total",1244466
"850","New Hampshire","Information","Total",NA
"851","New Hampshire","Finance and insurance","Total",NA
"852","New Hampshire","Real estate and rental and leasing","Total",1593106
"853","New Hampshire","Professional, scientific, and technical services","All establishments",3947790
"856","New Hampshire","Management of companies and enterprises","Total",151856
"857","New Hampshire","Administrative and support and waste management and remediation services","Total",3107103
"858","New Hampshire","Educational services","All establishments",344914
"861","New Hampshire","Health care and social assistance","All establishments",9616460
"864","New Hampshire","Arts, entertainment, and recreation","All establishments",792738
"867","New Hampshire","Accommodation and food services","Total",2942278
"868","New Hampshire","Other services (except public administration)","All establishments",1554872
"871","New Jersey","Mining, quarrying, and oil and gas extraction","Total",460885
"872","New Jersey","Utilities","Total",NA
"873","New Jersey","Construction","Total",39863463
"874","New Jersey","Wholesale trade","Wholesale Trade",406844905
"875","New Jersey","Wholesale trade","Merchant wholesalers, except manufacturers' sales branches and offices",288467844
"876","New Jersey","Wholesale trade","Manufacturers' sales branches and offices",95537361
"877","New Jersey","Retail trade","Total",133665728
"878","New Jersey","Transportation and warehousing (104)","Total",26484590
"879","New Jersey","Information","Total",NA
"880","New Jersey","Finance and insurance","Total",NA
"881","New Jersey","Real estate and rental and leasing","Total",17327641
"882","New Jersey","Professional, scientific, and technical services","All establishments",58738195
"885","New Jersey","Management of companies and enterprises","Total",3892651
"886","New Jersey","Administrative and support and waste management and remediation services","Total",21272892
"887","New Jersey","Educational services","All establishments",2644129
"890","New Jersey","Health care and social assistance","All establishments",60375232
"893","New Jersey","Arts, entertainment, and recreation","All establishments",4632315
"896","New Jersey","Accommodation and food services","Total",19673558
"897","New Jersey","Other services (except public administration)","All establishments",11607846
"900","New Mexico","Mining, quarrying, and oil and gas extraction","Total",NA
"901","New Mexico","Utilities","Total",NA
"902","New Mexico","Construction","Total",6995291
"903","New Mexico","Wholesale trade","Wholesale Trade",17404680
"904","New Mexico","Wholesale trade","Merchant wholesalers, except manufacturers' sales branches and offices",10720363
"905","New Mexico","Wholesale trade","Manufacturers' sales branches and offices",5487685
"906","New Mexico","Retail trade","Total",25179274
"907","New Mexico","Transportation and warehousing (104)","Total",2678171
"908","New Mexico","Information","Total",NA
"909","New Mexico","Finance and insurance","Total",NA
"910","New Mexico","Real estate and rental and leasing","Total",1960351
"911","New Mexico","Professional, scientific, and technical services","All establishments",7618771
"914","New Mexico","Management of companies and enterprises","Total",123844
"915","New Mexico","Administrative and support and waste management and remediation services","Total",2283170
"916","New Mexico","Educational services","All establishments",184596
"919","New Mexico","Health care and social assistance","All establishments",11236630
"922","New Mexico","Arts, entertainment, and recreation","All establishments",1352784
"925","New Mexico","Accommodation and food services","Total",4349672
"926","New Mexico","Other services (except public administration)","All establishments",1798612
"929","New York","Mining, quarrying, and oil and gas extraction","Total",2150875
"930","New York","Utilities","Total",NA
"931","New York","Construction","Total",87102169
"932","New York","Wholesale trade","Wholesale Trade",434353687
"933","New York","Wholesale trade","Merchant wholesalers, except manufacturers' sales branches and offices",341734970
"934","New York","Wholesale trade","Manufacturers' sales branches and offices",48982267
"935","New York","Retail trade","Total",251167736
"936","New York","Transportation and warehousing (104)","Total",43409178
"937","New York","Information","Total",NA
"938","New York","Finance and insurance","Total",NA
"939","New York","Real estate and rental and leasing","Total",56409756
"940","New York","Professional, scientific, and technical services","All establishments",133638802
"943","New York","Management of companies and enterprises","Total",20971148
"944","New York","Administrative and support and waste management and remediation services","Total",48434621
"945","New York","Educational services","All establishments",5660233
"948","New York","Health care and social assistance","All establishments",155666053
"951","New York","Arts, entertainment, and recreation","All establishments",21929061
"954","New York","Accommodation and food services","Total",49285508
"955","New York","Other services (except public administration)","All establishments",39709205
"958","North Carolina","Mining, quarrying, and oil and gas extraction","Total",762530
"959","North Carolina","Utilities","Total",NA
"960","North Carolina","Construction","Total",35989104
"961","North Carolina","Wholesale trade","Wholesale Trade",175657364
"962","North Carolina","Wholesale trade","Merchant wholesalers, except manufacturers' sales branches and offices",105275586
"963","North Carolina","Wholesale trade","Manufacturers' sales branches and offices",51028413
"964","North Carolina","Retail trade","Total",120691007
"965","North Carolina","Transportation and warehousing (104)","Total",14744408
"966","North Carolina","Information","Total",NA
"967","North Carolina","Finance and insurance","Total",NA
"968","North Carolina","Real estate and rental and leasing","Total",9301658
"969","North Carolina","Professional, scientific, and technical services","All establishments",31947910
"972","North Carolina","Management of companies and enterprises","Total",2080160
"973","North Carolina","Administrative and support and waste management and remediation services","Total",16304039
"974","North Carolina","Educational services","All establishments",1521341
"977","North Carolina","Health care and social assistance","All establishments",55227505
"980","North Carolina","Arts, entertainment, and recreation","All establishments",4773772
"983","North Carolina","Accommodation and food services","Total",18622258
"984","North Carolina","Other services (except public administration)","All establishments",9141456
"987","North Dakota","Mining, quarrying, and oil and gas extraction","Total",17359919
"988","North Dakota","Utilities","Total",NA
"989","North Dakota","Construction","Total",6543144
"990","North Dakota","Wholesale trade","Wholesale Trade",32268964
"991","North Dakota","Wholesale trade","Merchant wholesalers, except manufacturers' sales branches and offices",28150837
"992","North Dakota","Wholesale trade","Manufacturers' sales branches and offices",2887497
"993","North Dakota","Retail trade","Total",15519816
"994","North Dakota","Transportation and warehousing (104)","Total",4639021
"995","North Dakota","Information","Total",NA
"996","North Dakota","Finance and insurance","Total",NA
"997","North Dakota","Real estate and rental and leasing","Total",1445096
"998","North Dakota","Professional, scientific, and technical services","All establishments",1846941
"1001","North Dakota","Management of companies and enterprises","Total",198358
"1002","North Dakota","Administrative and support and waste management and remediation services","Total",872209
"1003","North Dakota","Educational services","All establishments",36350
"1006","North Dakota","Health care and social assistance","All establishments",5418355
"1009","North Dakota","Arts, entertainment, and recreation","All establishments",241751
"1012","North Dakota","Accommodation and food services","Total",2045123
"1013","North Dakota","Other services (except public administration)","All establishments",1063952
"1016","Ohio","Mining, quarrying, and oil and gas extraction","Total",3861915
"1017","Ohio","Utilities","Total",NA
"1018","Ohio","Construction","Total",42885351
"1019","Ohio","Wholesale trade","Wholesale Trade",252194948
"1020","Ohio","Wholesale trade","Merchant wholesalers, except manufacturers' sales branches and offices",155426023
"1021","Ohio","Wholesale trade","Manufacturers' sales branches and offices",72629814
"1022","Ohio","Retail trade","Total",153553997
"1023","Ohio","Transportation and warehousing (104)","Total",23709475
"1024","Ohio","Information","Total",NA
"1025","Ohio","Finance and insurance","Total",NA
"1026","Ohio","Real estate and rental and leasing","Total",16132740
"1027","Ohio","Professional, scientific, and technical services","All establishments",35970815
"1030","Ohio","Management of companies and enterprises","Total",3462227
"1031","Ohio","Administrative and support and waste management and remediation services","Total",21156042
"1032","Ohio","Educational services","All establishments",1066774
"1035","Ohio","Health care and social assistance","All establishments",80915693
"1038","Ohio","Arts, entertainment, and recreation","All establishments",5431838
"1041","Ohio","Accommodation and food services","Total",20652777
"1042","Ohio","Other services (except public administration)","All establishments",13221455
"1045","Oklahoma","Mining, quarrying, and oil and gas extraction","Total",NA
"1046","Oklahoma","Utilities","Total",NA
"1047","Oklahoma","Construction","Total",16227821
"1048","Oklahoma","Wholesale trade","Wholesale Trade",102935022
"1049","Oklahoma","Wholesale trade","Merchant wholesalers, except manufacturers' sales branches and offices",71892946
"1050","Oklahoma","Wholesale trade","Manufacturers' sales branches and offices",25142270
"1051","Oklahoma","Retail trade","Total",50256231
"1052","Oklahoma","Transportation and warehousing (104)","Total",9570506
"1053","Oklahoma","Information","Total",NA
"1054","Oklahoma","Finance and insurance","Total",NA
"1055","Oklahoma","Real estate and rental and leasing","Total",4269573
"1056","Oklahoma","Professional, scientific, and technical services","All establishments",10991303
"1059","Oklahoma","Management of companies and enterprises","Total",1527850
"1060","Oklahoma","Administrative and support and waste management and remediation services","Total",5984574
"1061","Oklahoma","Educational services","All establishments",386905
"1064","Oklahoma","Health care and social assistance","All establishments",22795438
"1067","Oklahoma","Arts, entertainment, and recreation","All establishments",2790805
"1070","Oklahoma","Accommodation and food services","Total",7121153
"1071","Oklahoma","Other services (except public administration)","All establishments",4037301
"1074","Oregon","Mining, quarrying, and oil and gas extraction","Total",336870
"1075","Oregon","Utilities","Total",NA
"1076","Oregon","Construction","Total",16564282
"1077","Oregon","Wholesale trade","Wholesale Trade",NA
"1078","Oregon","Wholesale trade","Merchant wholesalers, except manufacturers' sales branches and offices",48325261
"1079","Oregon","Wholesale trade","Manufacturers' sales branches and offices",NA
"1080","Oregon","Retail trade","Total",49481054
"1081","Oregon","Transportation and warehousing (104)","Total",7896850
"1082","Oregon","Information","Total",NA
"1083","Oregon","Finance and insurance","Total",NA
"1084","Oregon","Real estate and rental and leasing","Total",4649574
"1085","Oregon","Professional, scientific, and technical services","All establishments",11386063
"1088","Oregon","Management of companies and enterprises","Total",932674
"1089","Oregon","Administrative and support and waste management and remediation services","Total",5378881
"1090","Oregon","Educational services","All establishments",595542
"1093","Oregon","Health care and social assistance","All establishments",24956816
"1096","Oregon","Arts, entertainment, and recreation","All establishments",1606816
"1099","Oregon","Accommodation and food services","Total",8466788
"1100","Oregon","Other services (except public administration)","All establishments",4435039
"1103","Pennsylvania","Mining, quarrying, and oil and gas extraction","Total",21709315
"1104","Pennsylvania","Utilities","Total",NA
"1105","Pennsylvania","Construction","Total",55256078
"1106","Pennsylvania","Wholesale trade","Wholesale Trade",295598683
"1107","Pennsylvania","Wholesale trade","Merchant wholesalers, except manufacturers' sales branches and offices",191170147
"1108","Pennsylvania","Wholesale trade","Manufacturers' sales branches and offices",75146727
"1109","Pennsylvania","Retail trade","Total",178794945
"1110","Pennsylvania","Transportation and warehousing (104)","Total",25255321
"1111","Pennsylvania","Information","Total",NA
"1112","Pennsylvania","Finance and insurance","Total",NA
"1113","Pennsylvania","Real estate and rental and leasing","Total",13363954
"1114","Pennsylvania","Professional, scientific, and technical services","All establishments",54833848
"1117","Pennsylvania","Management of companies and enterprises","Total",3836409
"1118","Pennsylvania","Administrative and support and waste management and remediation services","Total",23120913
"1119","Pennsylvania","Educational services","All establishments",1983181
"1122","Pennsylvania","Health care and social assistance","All establishments",96329248
"1125","Pennsylvania","Arts, entertainment, and recreation","All establishments",8747939
"1128","Pennsylvania","Accommodation and food services","Total",23504192
"1129","Pennsylvania","Other services (except public administration)","All establishments",17736683
"1132","Rhode Island","Mining, quarrying, and oil and gas extraction","Total",NA
"1133","Rhode Island","Utilities","Total",NA
"1134","Rhode Island","Construction","Total",4770943
"1135","Rhode Island","Wholesale trade","Wholesale Trade",27840419
"1136","Rhode Island","Wholesale trade","Merchant wholesalers, except manufacturers' sales branches and offices",22310389
"1137","Rhode Island","Wholesale trade","Manufacturers' sales branches and offices",3375531
"1138","Rhode Island","Retail trade","Total",12063865
"1139","Rhode Island","Transportation and warehousing (104)","Total",1153478
"1140","Rhode Island","Information","Total",NA
"1141","Rhode Island","Finance and insurance","Total",NA
"1142","Rhode Island","Real estate and rental and leasing","Total",1119783
"1143","Rhode Island","Professional, scientific, and technical services","All establishments",3338161
"1146","Rhode Island","Management of companies and enterprises","Total",NA
"1147","Rhode Island","Administrative and support and waste management and remediation services","Total",1601352
"1148","Rhode Island","Educational services","All establishments",124557
"1151","Rhode Island","Health care and social assistance","All establishments",8223005
"1154","Rhode Island","Arts, entertainment, and recreation","All establishments",780187
"1157","Rhode Island","Accommodation and food services","Total",2481314
"1158","Rhode Island","Other services (except public administration)","All establishments",1444599
"1161","South Carolina","Mining, quarrying, and oil and gas extraction","Total",312800
"1162","South Carolina","Utilities","Total",NA
"1163","South Carolina","Construction","Total",15184191
"1164","South Carolina","Wholesale trade","Wholesale Trade",59732215
"1165","South Carolina","Wholesale trade","Merchant wholesalers, except manufacturers' sales branches and offices",45520900
"1166","South Carolina","Wholesale trade","Manufacturers' sales branches and offices",9306989
"1167","South Carolina","Retail trade","Total",58093824
"1168","South Carolina","Transportation and warehousing (104)","Total",5442977
"1169","South Carolina","Information","Total",NA
"1170","South Carolina","Finance and insurance","Total",NA
"1171","South Carolina","Real estate and rental and leasing","Total",4334437
"1172","South Carolina","Professional, scientific, and technical services","All establishments",12721691
"1175","South Carolina","Management of companies and enterprises","Total",792982
"1176","South Carolina","Administrative and support and waste management and remediation services","Total",9662702
"1177","South Carolina","Educational services","All establishments",259757
"1180","South Carolina","Health care and social assistance","All establishments",22941292
"1183","South Carolina","Arts, entertainment, and recreation","All establishments",1812785
"1186","South Carolina","Accommodation and food services","Total",9763818
"1187","South Carolina","Other services (except public administration)","All establishments",4464871
"1190","South Dakota","Mining, quarrying, and oil and gas extraction","Total",NA
"1191","South Dakota","Utilities","Total",NA
"1192","South Dakota","Construction","Total",4189936
"1193","South Dakota","Wholesale trade","Wholesale Trade",25291920
"1194","South Dakota","Wholesale trade","Merchant wholesalers, except manufacturers' sales branches and offices",20411059
"1195","South Dakota","Wholesale trade","Manufacturers' sales branches and offices",2095418
"1196","South Dakota","Retail trade","Total",13791827
"1197","South Dakota","Transportation and warehousing (104)","Total",1526204
"1198","South Dakota","Information","Total",NA
"1199","South Dakota","Finance and insurance","Total",NA
"1200","South Dakota","Real estate and rental and leasing","Total",582825
"1201","South Dakota","Professional, scientific, and technical services","All establishments",1315353
"1204","South Dakota","Management of companies and enterprises","Total",437861
"1205","South Dakota","Administrative and support and waste management and remediation services","Total",807158
"1206","South Dakota","Educational services","All establishments",32593
"1209","South Dakota","Health care and social assistance","All establishments",6211731
"1212","South Dakota","Arts, entertainment, and recreation","All establishments",437205
"1215","South Dakota","Accommodation and food services","Total",1873699
"1216","South Dakota","Other services (except public administration)","All establishments",939469
"1219","Tennessee","Mining, quarrying, and oil and gas extraction","Total",1035790
"1220","Tennessee","Utilities","Total",NA
"1221","Tennessee","Construction","Total",22904889
"1222","Tennessee","Wholesale trade","Wholesale Trade",169781411
"1223","Tennessee","Wholesale trade","Merchant wholesalers, except manufacturers' sales branches and offices",111718421
"1224","Tennessee","Wholesale trade","Manufacturers' sales branches and offices",44363534
"1225","Tennessee","Retail trade","Total",91641605
"1226","Tennessee","Transportation and warehousing (104)","Total",18039709
"1227","Tennessee","Information","Total",NA
"1228","Tennessee","Finance and insurance","Total",NA
"1229","Tennessee","Real estate and rental and leasing","Total",6178359
"1230","Tennessee","Professional, scientific, and technical services","All establishments",14199535
"1233","Tennessee","Management of companies and enterprises","Total",1403777
"1234","Tennessee","Administrative and support and waste management and remediation services","Total",12733804
"1235","Tennessee","Educational services","All establishments",615588
"1238","Tennessee","Health care and social assistance","All establishments",42383683
"1241","Tennessee","Arts, entertainment, and recreation","All establishments",3355159
"1244","Tennessee","Accommodation and food services","Total",12499013
"1245","Tennessee","Other services (except public administration)","All establishments",6525842
"1248","Texas","Mining, quarrying, and oil and gas extraction","Total",162451051
"1249","Texas","Utilities","Total",NA
"1250","Texas","Construction","Total",146169966
"1251","Texas","Wholesale trade","Wholesale Trade",1129150714
"1252","Texas","Wholesale trade","Merchant wholesalers, except manufacturers' sales branches and offices",691242607
"1253","Texas","Wholesale trade","Manufacturers' sales branches and offices",384163888
"1254","Texas","Retail trade","Total",356116376
"1255","Texas","Transportation and warehousing (104)","Total",79793699
"1256","Texas","Information","Total",NA
"1257","Texas","Finance and insurance","Total",NA
"1258","Texas","Real estate and rental and leasing","Total",38757418
"1259","Texas","Professional, scientific, and technical services","All establishments",122086181
"1262","Texas","Management of companies and enterprises","Total",9218532
"1263","Texas","Administrative and support and waste management and remediation services","Total",60650417
"1264","Texas","Educational services","All establishments",3822776
"1267","Texas","Health care and social assistance","All establishments",145035130
"1270","Texas","Arts, entertainment, and recreation","All establishments",10286839
"1273","Texas","Accommodation and food services","Total",54480811
"1274","Texas","Other services (except public administration)","All establishments",30172182
"1277","Utah","Mining, quarrying, and oil and gas extraction","Total",8210924
"1278","Utah","Utilities","Total",NA
"1279","Utah","Construction","Total",16331129
"1280","Utah","Wholesale trade","Wholesale Trade",43854221
"1281","Utah","Wholesale trade","Merchant wholesalers, except manufacturers' sales branches and offices",30927885
"1282","Utah","Wholesale trade","Manufacturers' sales branches and offices",9096576
"1283","Utah","Retail trade","Total",38024486
"1284","Utah","Transportation and warehousing (104)","Total",8847912
"1285","Utah","Information","Total",NA
"1286","Utah","Finance and insurance","Total",NA
"1287","Utah","Real estate and rental and leasing","Total",3226135
"1288","Utah","Professional, scientific, and technical services","All establishments",10555077
"1291","Utah","Management of companies and enterprises","Total",NA
"1292","Utah","Administrative and support and waste management and remediation services","Total",6714308
"1293","Utah","Educational services","All establishments",656069
"1296","Utah","Health care and social assistance","All establishments",14521857
"1299","Utah","Arts, entertainment, and recreation","All establishments",1181370
"1302","Utah","Accommodation and food services","Total",4789281
"1303","Utah","Other services (except public administration)","All establishments",2544477
"1306","Vermont","Mining, quarrying, and oil and gas extraction","Total",261110
"1307","Vermont","Utilities","Total",NA
"1308","Vermont","Construction","Total",3038715
"1309","Vermont","Wholesale trade","Wholesale Trade",12850031
"1310","Vermont","Wholesale trade","Merchant wholesalers, except manufacturers' sales branches and offices",6450076
"1311","Vermont","Wholesale trade","Manufacturers' sales branches and offices",5931745
"1312","Vermont","Retail trade","Total",9933751
"1313","Vermont","Transportation and warehousing (104)","Total",677125
"1314","Vermont","Information","Total",NA
"1315","Vermont","Finance and insurance","Total",NA
"1316","Vermont","Real estate and rental and leasing","Total",509858
"1317","Vermont","Professional, scientific, and technical services","All establishments",1782043
"1320","Vermont","Management of companies and enterprises","Total",NA
"1321","Vermont","Administrative and support and waste management and remediation services","Total",581278
"1322","Vermont","Educational services","All establishments",131654
"1325","Vermont","Health care and social assistance","All establishments",4457996
"1328","Vermont","Arts, entertainment, and recreation","All establishments",351962
"1331","Vermont","Accommodation and food services","Total",1564272
"1332","Vermont","Other services (except public administration)","All establishments",755436
"1335","Virginia","Mining, quarrying, and oil and gas extraction","Total",4001785
"1336","Virginia","Utilities","Total",NA
"1337","Virginia","Construction","Total",42368104
"1338","Virginia","Wholesale trade","Wholesale Trade",120173512
"1339","Virginia","Wholesale trade","Merchant wholesalers, except manufacturers' sales branches and offices",86613641
"1340","Virginia","Wholesale trade","Manufacturers' sales branches and offices",19704118
"1341","Virginia","Retail trade","Total",110002385
"1342","Virginia","Transportation and warehousing (104)","Total",14857649
"1343","Virginia","Information","Total",NA
"1344","Virginia","Finance and insurance","Total",NA
"1345","Virginia","Real estate and rental and leasing","Total",11758935
"1346","Virginia","Professional, scientific, and technical services","All establishments",92775903
"1349","Virginia","Management of companies and enterprises","Total",1421845
"1350","Virginia","Administrative and support and waste management and remediation services","Total",20309528
"1351","Virginia","Educational services","All establishments",2048655
"1354","Virginia","Health care and social assistance","All establishments",47705003
"1357","Virginia","Arts, entertainment, and recreation","All establishments",4243570
"1360","Virginia","Accommodation and food services","Total",17795901
"1361","Virginia","Other services (except public administration)","All establishments",17079391
"1364","Washington","Mining, quarrying, and oil and gas extraction","Total",NA
"1365","Washington","Utilities","Total",NA
"1366","Washington","Construction","Total",33710762
"1367","Washington","Wholesale trade","Wholesale Trade",143082471
"1368","Washington","Wholesale trade","Merchant wholesalers, except manufacturers' sales branches and offices",83313366
"1369","Washington","Wholesale trade","Manufacturers' sales branches and offices",41721034
"1370","Washington","Retail trade","Total",118924049
"1371","Washington","Transportation and warehousing (104)","Total",16790754
"1372","Washington","Information","Total",NA
"1373","Washington","Finance and insurance","Total",NA
"1374","Washington","Real estate and rental and leasing","Total",9695455
"1375","Washington","Professional, scientific, and technical services","All establishments",28283590
"1378","Washington","Management of companies and enterprises","Total",2048070
"1379","Washington","Administrative and support and waste management and remediation services","Total",12741470
"1380","Washington","Educational services","All establishments",1191626
"1383","Washington","Health care and social assistance","All establishments",43966889
"1386","Washington","Arts, entertainment, and recreation","All establishments",5093037
"1389","Washington","Accommodation and food services","Total",14297278
"1390","Washington","Other services (except public administration)","All establishments",13185169
"1393","West Virginia","Mining, quarrying, and oil and gas extraction","Total",15601980
"1394","West Virginia","Utilities","Total",NA
"1395","West Virginia","Construction","Total",4974864
"1396","West Virginia","Wholesale trade","Wholesale Trade",19749055
"1397","West Virginia","Wholesale trade","Merchant wholesalers, except manufacturers' sales branches and offices",14295437
"1398","West Virginia","Wholesale trade","Manufacturers' sales branches and offices",4628851
"1399","West Virginia","Retail trade","Total",22637923
"1400","West Virginia","Transportation and warehousing (104)","Total",2796925
"1401","West Virginia","Information","Total",NA
"1402","West Virginia","Finance and insurance","Total",NA
"1403","West Virginia","Real estate and rental and leasing","Total",1255751
"1404","West Virginia","Professional, scientific, and technical services","All establishments",3104847
"1407","West Virginia","Management of companies and enterprises","Total",447034
"1408","West Virginia","Administrative and support and waste management and remediation services","Total",1744191
"1409","West Virginia","Educational services","All establishments",72758
"1412","West Virginia","Health care and social assistance","All establishments",12259395
"1415","West Virginia","Arts, entertainment, and recreation","All establishments",631768
"1418","West Virginia","Accommodation and food services","Total",4036333
"1419","West Virginia","Other services (except public administration)","All establishments",1773288
"1422","Wisconsin","Mining, quarrying, and oil and gas extraction","Total",1149647
"1423","Wisconsin","Utilities","Total",NA
"1424","Wisconsin","Construction","Total",25617014
"1425","Wisconsin","Wholesale trade","Wholesale Trade",111020748
"1426","Wisconsin","Wholesale trade","Merchant wholesalers, except manufacturers' sales branches and offices",77066883
"1427","Wisconsin","Wholesale trade","Manufacturers' sales branches and offices",24278514
"1428","Wisconsin","Retail trade","Total",78201822
"1429","Wisconsin","Transportation and warehousing (104)","Total",13099930
"1430","Wisconsin","Information","Total",NA
"1431","Wisconsin","Finance and insurance","Total",NA
"1432","Wisconsin","Real estate and rental and leasing","Total",4358905
"1433","Wisconsin","Professional, scientific, and technical services","All establishments",15134990
"1436","Wisconsin","Management of companies and enterprises","Total",1413394
"1437","Wisconsin","Administrative and support and waste management and remediation services","Total",8033646
"1438","Wisconsin","Educational services","All establishments",604398
"1441","Wisconsin","Health care and social assistance","All establishments",40680625
"1444","Wisconsin","Arts, entertainment, and recreation","All establishments",3181613
"1447","Wisconsin","Accommodation and food services","Total",10303256
"1448","Wisconsin","Other services (except public administration)","All establishments",6406723
"1451","Wyoming","Mining, quarrying, and oil and gas extraction","Total",20876752
"1452","Wyoming","Utilities","Total",NA
"1453","Wyoming","Construction","Total",4184086
"1454","Wyoming","Wholesale trade","Wholesale Trade",7237839
"1455","Wyoming","Wholesale trade","Merchant wholesalers, except manufacturers' sales branches and offices",5597891
"1456","Wyoming","Wholesale trade","Manufacturers' sales branches and offices",1243905
"1457","Wyoming","Retail trade","Total",9446043
"1458","Wyoming","Transportation and warehousing (104)","Total",1800869
"1459","Wyoming","Information","Total",NA
"1460","Wyoming","Finance and insurance","Total",NA
"1461","Wyoming","Real estate and rental and leasing","Total",1259140
"1462","Wyoming","Professional, scientific, and technical services","All establishments",1297371
"1465","Wyoming","Management of companies and enterprises","Total",NA
"1466","Wyoming","Administrative and support and waste management and remediation services","Total",539465
"1467","Wyoming","Educational services","All establishments",94765
"1470","Wyoming","Health care and social assistance","All establishments",3291478
"1473","Wyoming","Arts, entertainment, and recreation","All establishments",248460
"1476","Wyoming","Accommodation and food services","Total",1644844
"1477","Wyoming","Other services (except public administration)","All establishments",884596
"1481","American Samoa","Utilities","Total",NA
"1482","American Samoa","Construction","Total",31403
"1484","American Samoa","Wholesale trade","Total",275152
"1485","American Samoa","Retail trade","Total",209954
"1487","American Samoa","Information","Total",15612
"1488","American Samoa","Finance and insurance","Total",15327
"1489","American Samoa","Real estate and rental and leasing","Total",6391
"1490","American Samoa","Professional, scientific, and technical services","Total",19535
"1491","American Samoa","Management of companies and enterprises","Total",902
"1492","American Samoa","Administrative and support and waste management and remediation services","Total",5951
"1493","American Samoa","Educational services","Total",678
"1494","American Samoa","Health care and social assistance","Total",10726
"1495","American Samoa","Arts, entertainment, and recreation","Total",378
"1496","American Samoa","Accommodation and food services","Total",28924
"1497","American Samoa","Other services (except public administration)","Total",14177
"1499","Guam","Utilities","Total",567874
"1500","Guam","Construction","Total",750368
"1502","Guam","Wholesale trade","Total",982335
"1503","Guam","Retail trade","Total",1980280
"1505","Guam","Information","Total",300969
"1506","Guam","Finance and insurance","Total",679668
"1507","Guam","Real estate and rental and leasing","Total",226042
"1508","Guam","Professional, scientific, and technical services","Total",294211
"1509","Guam","Management of companies and enterprises","Total",3732
"1510","Guam","Administrative and support and waste management and remediation services","Total",171003
"1511","Guam","Educational services","Total",24788
"1512","Guam","Health care and social assistance","Total",364966
"1513","Guam","Arts, entertainment, and recreation","Total",73151
"1514","Guam","Accommodation and food services","Total",789844
"1515","Guam","Other services (except public administration)","Total",208209
"1517","Commonwealth of the Northern Mariana Islands","Mining, quarrying, and oil and gas extraction","Total",NA
"1518","Commonwealth of the Northern Mariana Islands","Utilities","Total",NA
"1519","Commonwealth of the Northern Mariana Islands","Construction","Total",37230
"1521","Commonwealth of the Northern Mariana Islands","Wholesale trade","Total",246827
"1522","Commonwealth of the Northern Mariana Islands","Retail trade","Total",314066
"1524","Commonwealth of the Northern Mariana Islands","Information","Total",25138
"1525","Commonwealth of the Northern Mariana Islands","Finance and insurance","Total",57560
"1526","Commonwealth of the Northern Mariana Islands","Real estate and rental and leasing","Total",30675
"1527","Commonwealth of the Northern Mariana Islands","Professional, scientific, and technical services","Total",28703
"1528","Commonwealth of the Northern Mariana Islands","Management of companies and enterprises","Total",NA
"1529","Commonwealth of the Northern Mariana Islands","Administrative and support and waste management and remediation services","Total",50913
"1530","Commonwealth of the Northern Mariana Islands","Educational services","Total",4979
"1531","Commonwealth of the Northern Mariana Islands","Health care and social assistance","Total",41349
"1532","Commonwealth of the Northern Mariana Islands","Arts, entertainment, and recreation","Total",37467
"1533","Commonwealth of the Northern Mariana Islands","Accommodation and food services","Total",179975
"1534","Commonwealth of the Northern Mariana Islands","Other services (except public administration)","Total",20636
"1535","Puerto Rico","Mining, quarrying, and oil and gas extraction","Total",83874
"1536","Puerto Rico","Utilities","Total",NA
"1537","Puerto Rico","Construction","Total",3846704
"1539","Puerto Rico","Wholesale trade","Total",20184374
"1540","Puerto Rico","Retail trade","Total",24957584
"1542","Puerto Rico","Information","Total",12342587
"1543","Puerto Rico","Finance and insurance","Total",14644495
"1544","Puerto Rico","Real estate and rental and leasing","Total",1465763
"1545","Puerto Rico","Professional, scientific, and technical services","Total",3145282
"1546","Puerto Rico","Management of companies and enterprises","Total",835387
"1547","Puerto Rico","Administrative and support and waste management and remediation services","Total",2948546
"1548","Puerto Rico","Educational services","Total",462482
"1549","Puerto Rico","Health care and social assistance","Total",6098340
"1550","Puerto Rico","Arts, entertainment, and recreation","Total",187328
"1551","Puerto Rico","Accommodation and food services","Total",4256139
"1552","Puerto Rico","Other services (except public administration)","Total",750512
"1554","United States Virgin Islands","Mining, quarrying, and oil and gas extraction","Total",NA
"1555","United States Virgin Islands","Utilities","Total",366880
"1556","United States Virgin Islands","Construction","Total",237929
"1558","United States Virgin Islands","Wholesale trade","Total",221006
"1559","United States Virgin Islands","Retail trade","Total",1318244
"1561","United States Virgin Islands","Information","Total",155438
"1562","United States Virgin Islands","Finance and insurance","Total",492552
"1563","United States Virgin Islands","Real estate and rental and leasing","Total",168337
"1564","United States Virgin Islands","Professional, scientific, and technical services","Total",306886
"1565","United States Virgin Islands","Management of companies and enterprises","Total",4725
"1566","United States Virgin Islands","Administrative and support and waste management and remediation services","Total",174834
"1567","United States Virgin Islands","Educational services","Total",3611
"1568","United States Virgin Islands","Health care and social assistance","Total",313883
"1569","United States Virgin Islands","Arts, entertainment, and recreation","Total",76348
"1570","United States Virgin Islands","Accommodation and food services","Total",539442
"1571","United States Virgin Islands","Other services (except public administration)","Total",152599
